country,location_name,latitude,longitude,type,wiki_slug
Afghanistan,Afghanistan,34.5281,69.1723,capital,Afghanistan
Afghanistan,Band-e Amir National Park,34.8167,67.0167,nature,Afghanistan
Afghanistan,Kandahar,31.6133,65.7073,former,Afghanistan
Afghanistan,Mazar-i-Sharif,36.7069,67.1124,city,Afghanistan
Afghanistan,Herat,34.3482,62.2041,city,Afghanistan
Afghanistan,Band-e Amir National Park,34.8167,67.0167,nature,Afghanistan
Albania,Albania,41.3317,19.8319,capital,Albania
Albania,Valbona Valley National Park,41.8767,20.1867,nature,Albania
Albania,Durrës,41.3246,19.4565,former,Albania
Albania,Gjirokastër,40.0758,20.1389,unicode,Albania
Albania,Berat,40.7058,19.9522,unicode,Albania
Albania,Shkodër,42.0683,19.5126,city,Albania
Albania,Valbona Valley National Park,41.8767,20.1867,nature,Albania
Algeria,Algeria,36.7372,3.0865,capital,Algeria
Algeria,Tassili n'Ajjer,24.8,9.5,nature,Algeria
Algeria,Oran,35.6969,-0.6331,city,Algeria
Algeria,Constantine,36.365,6.6147,city,Algeria
Algeria,Timgad,35.4869,6.468,unicode,Algeria
Algeria,Tipasa,36.59,2.4478,unicode,Algeria
Algeria,Tassili n'Ajjer,24.8,9.5,nature,Algeria
Andorra,Andorra,42.5063,1.5218,capital,Andorra
Andorra,Escaldes-Engordany,42.5063,1.5395,city,Andorra
Angola,Angola,-8.839,13.2894,capital,Angola
Angola,Iona National Park,-17.05,12.27,nature,Angola
Angola,Lubango,-14.9177,13.492,city,Angola
Angola,Huambo,-12.7758,15.7392,city,Angola
Angola,Lobito,-12.3647,13.5459,city,Angola
Angola,Iona National Park,-17.05,12.27,nature,Angola
Antigua and Barbuda,Antigua and Barbuda,17.1274,-61.8468,capital,Antigua_and_Barbuda
Argentina,Argentina,-34.6037,-58.3816,capital,Argentina
Argentina,Los Glaciares National Park,-49.8,-73.0,nature,Argentina
Argentina,Córdoba,-31.4201,-64.1888,city,Argentina
Argentina,Rosario,-32.9442,-60.6505,city,Argentina
Argentina,Mendoza,-32.8895,-68.8458,city,Argentina
Argentina,La Plata,-34.9215,-57.9545,city,Argentina
Argentina,Los Glaciares National Park,-49.8,-73.0,nature,Argentina
Armenia,Armenia,40.1872,44.5152,capital,Armenia
Armenia,Khosrov Forest State Reserve,39.75,44.5,nature,Armenia
Armenia,Gyumri,40.7942,43.8453,city,Armenia
Armenia,Vanadzor,40.8128,44.4879,city,Armenia
Armenia,Khosrov Forest State Reserve,39.75,44.5,nature,Armenia
Australia,Australia,-35.2835,149.1281,capital,Australia
Australia,Great Barrier Reef Marine Park,-18.2871,147.6992,nature,Australia
Australia,Sydney,-33.8688,151.2093,city,Australia
Australia,Melbourne,-37.8136,144.9631,city,Australia
Australia,Brisbane,-27.4698,153.0251,city,Australia
Australia,Perth,-31.9505,115.8605,city,Australia
Australia,Great Barrier Reef Marine Park,-18.2871,147.6992,nature,Australia
Austria,Austria,48.2082,16.3738,capital,Austria
Austria,Hohe Tauern National Park,47.5,12.5,nature,Austria
Austria,Graz,47.0707,15.4395,city,Austria
Austria,Innsbruck,47.2692,11.4041,city,Austria
Austria,Salzburg,47.8095,13.055,unicode,Austria
Austria,Hohe Tauern National Park,47.5,12.5,nature,Austria
Azerbaijan,Azerbaijan,40.4093,49.8671,capital,Azerbaijan
Azerbaijan,Gobustan National Park,40.35,49.5,nature,Azerbaijan
Azerbaijan,Ganja,40.6828,46.3606,city,Azerbaijan
Azerbaijan,Walled City of Baku,40.3667,49.8333,unicode,Azerbaijan
Azerbaijan,Gobustan National Park,40.35,49.5,nature,Azerbaijan
Bahamas,Bahamas,25.048,-77.3554,capital,The_Bahamas
Bahamas,Exuma Cays Land and Sea Park,24.5,-76.3,nature,The_Bahamas
Bahamas,Exuma Cays Land and Sea Park,24.5,-76.3,nature,The_Bahamas
Bahrain,Bahrain,26.2154,50.5832,capital,Bahrain
Bahrain,Qal'at al-Bahrain,26.2333,50.5167,unicode,Bahrain
Bangladesh,Bangladesh,23.8103,90.4125,capital,Bangladesh
Bangladesh,Sundarbans National Park,21.9,89.2,nature,Bangladesh
Bangladesh,Chittagong,22.3569,91.7832,city,Bangladesh
Bangladesh,Sylhet,24.8949,91.8687,city,Bangladesh
Bangladesh,Rajshahi,24.3745,88.6042,city,Bangladesh
Bangladesh,Sundarbans National Park,21.9,89.2,nature,Bangladesh
Barbados,Barbados,13.0969,-59.6145,capital,Barbados
Belarus,Belarus,53.9006,27.559,capital,Belarus
Belarus,Belovezhskaya Pushcha,52.45,23.85,nature,Belarus
Belarus,Brest,52.0976,23.7341,city,Belarus
Belarus,Grodno,53.6884,23.8258,city,Belarus
Belarus,Mir Castle Complex,53.4519,26.4728,unicode,Belarus
Belarus,Belovezhskaya Pushcha,52.45,23.85,nature,Belarus
Belgium,Belgium,50.8503,4.3517,capital,Belgium
Belgium,High Fens-Eifel,50.5,6.0,nature,Belgium
Belgium,Ghent,51.0543,3.7174,city,Belgium
Belgium,Antwerp,51.2194,4.4025,city,Belgium
Belgium,Bruges,51.2093,3.2247,unicode,Belgium
Belgium,High Fens-Eifel,50.5,6.0,nature,Belgium
Benin,Benin,6.3676,2.4252,capital,Benin
Benin,W National Park,11.5,2.3,nature,Benin
Benin,Cotonou,6.3654,2.4183,city,Benin
Benin,Abomey,7.1841,1.9888,unicode,Benin
Benin,W National Park,11.5,2.3,nature,Benin
Bhutan,Bhutan,27.4728,89.639,capital,Bhutan
Bhutan,Jigme Dorji National Park,27.9,89.5,nature,Bhutan
Bhutan,Paro,27.4287,89.4164,city,Bhutan
Bhutan,Punakha,27.5906,89.8678,former,Bhutan
Bhutan,Jigme Dorji National Park,27.9,89.5,nature,Bhutan
Bolivia,Bolivia,-16.5,-68.1501,capital,Bolivia
Bolivia,Madidi National Park,-14.2,-67.5,nature,Bolivia
Bolivia,Sucre,-19.0478,-65.2592,former,Bolivia
Bolivia,Santa Cruz,-17.8146,-63.1561,city,Bolivia
Bolivia,Cochabamba,-17.3895,-66.1577,city,Bolivia
Bolivia,Madidi National Park,-14.2,-67.5,nature,Bolivia
Bosnia and Herzegovina,Bosnia and Herzegovina,43.8486,18.3564,capital,Bosnia_and_Herzegovina
Bosnia and Herzegovina,Sutjeska National Park,43.6,19.1,nature,Bosnia_and_Herzegovina
Bosnia and Herzegovina,Mostar,43.3438,17.8078,unicode,Bosnia_and_Herzegovina
Bosnia and Herzegovina,Banja Luka,44.7722,17.191,city,Bosnia_and_Herzegovina
Bosnia and Herzegovina,Sutjeska National Park,43.6,19.1,nature,Bosnia_and_Herzegovina
Botswana,Botswana,-24.6282,25.9231,capital,Botswana
Botswana,Okavango Delta,-19.2825,22.8575,nature,Botswana
Botswana,Francistown,-21.1658,27.5103,city,Botswana
Botswana,Okavango Delta,-19.2825,22.8575,nature,Botswana
Brazil,Brazil,-15.7795,-47.9297,capital,Brazil
Brazil,Amazon Rainforest,-3.0,-60.0,nature,Brazil
Brazil,Rio de Janeiro,-22.9068,-43.1729,former,Brazil
Brazil,São Paulo,-23.5558,-46.6396,city,Brazil
Brazil,Salvador,-12.9714,-38.5014,city,Brazil
Brazil,Belo Horizonte,-19.9167,-43.9345,city,Brazil
Brazil,Amazon Rainforest,-3.0,-60.0,nature,Brazil
Brunei,Brunei,4.9031,114.9398,capital,Brunei
Brunei,Temburong National Park,4.55,115.15,nature,Brunei
Brunei,Temburong National Park,4.55,115.15,nature,Brunei
Bulgaria,Bulgaria,42.6977,23.3219,capital,Bulgaria
Bulgaria,Rila National Park,42.2,23.6,nature,Bulgaria
Bulgaria,Plovdiv,42.1354,24.7453,former,Bulgaria
Bulgaria,Varna,43.2141,27.9147,city,Bulgaria
Bulgaria,Burgas,42.5047,27.4632,city,Bulgaria
Bulgaria,Rila National Park,42.2,23.6,nature,Bulgaria
Burkina Faso,Burkina Faso,12.3714,-1.5197,capital,Burkina_Faso
Burkina Faso,W National Park,11.5,2.3,nature,Burkina_Faso
Burkina Faso,Bobo-Dioulasso,11.1771,-4.2979,city,Burkina_Faso
Burkina Faso,W National Park,11.5,2.3,nature,Burkina_Faso
Burundi,Burundi,-3.4271,29.9249,capital,Burundi
Burundi,Rusizi National Park,-2.5,29.25,nature,Burundi
Burundi,Bujumbura,-3.3818,29.3622,former,Burundi
Burundi,Rusizi National Park,-2.5,29.25,nature,Burundi
Cabo Verde,Cabo Verde,14.933,-23.5133,capital,Cape_Verde
Cabo Verde,Fogo National Park,15.35,-24.35,nature,Cape_Verde
Cabo Verde,Cidade Velha,14.9167,-23.6,unicode,Cape_Verde
Cabo Verde,Fogo National Park,15.35,-24.35,nature,Cape_Verde
Cambodia,Cambodia,11.5625,104.916,capital,Cambodia
Cambodia,Angkor National Park,13.4125,103.867,nature,Cambodia
Cambodia,Siem Reap,13.3671,103.8448,city,Cambodia
Cambodia,Battambang,13.0957,103.2022,city,Cambodia
Cambodia,Angkor,13.4125,103.867,unicode,Cambodia
Cambodia,Angkor National Park,13.4125,103.867,nature,Cambodia
Cameroon,Cameroon,3.8667,11.5167,capital,Cameroon
Cameroon,Mount Cameroon,4.2,9.17,nature,Cameroon
Cameroon,Douala,4.0511,9.7679,city,Cameroon
Cameroon,Mount Cameroon,4.2,9.17,nature,Cameroon
Canada,Canada,45.4215,-75.6972,capital,Canada
Canada,Banff National Park,51.5,-115.5,nature,Canada
Canada,Toronto,43.6532,-79.3832,city,Canada
Canada,Montreal,45.5017,-73.5673,city,Canada
Canada,Vancouver,49.2827,-123.1207,city,Canada
Canada,Calgary,51.0447,-114.0719,city,Canada
Canada,Banff National Park,51.5,-115.5,nature,Canada
Central African Republic,Central African Republic,4.3612,18.555,capital,Central_African_Republic
Central African Republic,Dzanga-Sangha,2.25,16.3,nature,Central_African_Republic
Central African Republic,Dzanga-Sangha,2.25,16.3,nature,Central_African_Republic
Chad,Chad,12.1048,15.0444,capital,Chad
Chad,Zakouma National Park,10.62,19.8,nature,Chad
Chad,Moundou,8.5667,16.0833,city,Chad
Chad,Zakouma National Park,10.62,19.8,nature,Chad
Chile,Chile,-33.4489,-70.6693,capital,Chile
Chile,Torres del Paine,-51.0,-72.5,nature,Chile
Chile,Valparaíso,-33.0472,-71.6127,city,Chile
Chile,Concepción,-36.8201,-73.0444,city,Chile
Chile,Valdivia,-39.8142,-73.2456,city,Chile
Chile,Torres del Paine,-51.0,-72.5,nature,Chile
China,China,39.9042,116.4074,capital,China
China,Zhangjiajie National Forest Park,29.3,110.5,nature,China
China,Shanghai,31.2304,121.4737,city,China
China,Guangzhou,23.1291,113.2644,city,China
China,Shenzhen,22.5431,114.0579,city,China
China,Chongqing,29.4316,106.9123,city,China
China,Zhangjiajie National Forest Park,29.3,110.5,nature,China
Colombia,Colombia,4.711,-74.0721,capital,Colombia
Colombia,Tayrona National Park,11.3,-74.6,nature,Colombia
Colombia,Medellín,6.2442,-75.5812,city,Colombia
Colombia,Cali,3.4516,-76.532,city,Colombia
Colombia,Cartagena,10.391,-75.4794,unicode,Colombia
Colombia,Barranquilla,10.9639,-74.7964,city,Colombia
Colombia,Tayrona National Park,11.3,-74.6,nature,Colombia
Comoros,Comoros,-11.7022,43.2551,capital,Comoros
Congo (DRC),Congo (DRC),-4.3276,15.3136,capital,Democratic_Republic_of_the_Congo
Congo (DRC),Virunga National Park,-1.5,29.2,nature,Democratic_Republic_of_the_Congo
Congo (DRC),Lubumbashi,-11.66,27.4794,city,Democratic_Republic_of_the_Congo
Congo (DRC),Virunga National Park,-1.5,29.2,nature,Democratic_Republic_of_the_Congo
Congo (Republic),Congo (Republic),-4.2661,15.2832,capital,Republic_of_the_Congo
Congo (Republic),Odzala-Kokoua National Park,1.0,16.2,nature,Republic_of_the_Congo
Congo (Republic),Pointe-Noire,-4.7692,11.8664,city,Republic_of_the_Congo
Congo (Republic),Odzala-Kokoua National Park,1.0,16.2,nature,Republic_of_the_Congo
Costa Rica,Costa Rica,9.9281,-84.0907,capital,Costa_Rica
Costa Rica,Manuel Antonio National Park,9.4,-84.4,nature,Costa_Rica
Costa Rica,Manuel Antonio National Park,9.4,-84.4,nature,Costa_Rica
Côte d'Ivoire,Côte d'Ivoire,6.8276,-5.2893,capital,Ivory_Coast
Côte d'Ivoire,Taï National Park,5.5,-7.3,nature,Ivory_Coast
Côte d'Ivoire,Abidjan,5.36,-4.0083,former,Ivory_Coast
Côte d'Ivoire,Taï National Park,5.5,-7.3,nature,Ivory_Coast
Croatia,Croatia,45.815,15.9819,capital,Croatia
Croatia,Plitvice Lakes National Park,46.75,15.6,nature,Croatia
Croatia,Split,43.5081,16.4402,city,Croatia
Croatia,Rijeka,45.3271,14.4422,city,Croatia
Croatia,Dubrovnik,42.6507,18.0944,unicode,Croatia
Croatia,Trogir,43.5158,16.2511,unicode,Croatia
Croatia,Plitvice Lakes National Park,46.75,15.6,nature,Croatia
Cuba,Cuba,23.1136,-82.3666,capital,Cuba
Cuba,Viñales Valley,22.6,-83.7,nature,Cuba
Cuba,Santiago de Cuba,20.0243,-75.8219,city,Cuba
Cuba,Camagüey,21.3803,-77.9169,city,Cuba
Cuba,Trinidad,21.8028,-79.9841,unicode,Cuba
Cuba,Viñales Valley,22.6,-83.7,nature,Cuba
Cyprus,Cyprus,35.1856,33.3823,capital,Cyprus
Cyprus,Troodos Mountains,34.95,33.05,nature,Cyprus
Cyprus,Limassol,34.6786,33.0413,city,Cyprus
Cyprus,Larnaca,34.9127,33.6333,city,Cyprus
Cyprus,Troodos Mountains,34.95,33.05,nature,Cyprus
Czech Republic,Czech Republic,50.0755,14.4378,capital,Czech_Republic
Czech Republic,Bohemian Switzerland,50.85,14.35,nature,Czech_Republic
Czech Republic,Brno,49.1951,16.6068,city,Czech_Republic
Czech Republic,Ostrava,49.8209,18.2625,city,Czech_Republic
Czech Republic,Český Krumlov,48.8127,14.3175,unicode,Czech_Republic
Czech Republic,Bohemian Switzerland,50.85,14.35,nature,Czech_Republic
Denmark,Denmark,55.6761,12.5683,capital,Denmark
Denmark,Møn Cliffs,54.95,12.45,nature,Denmark
Denmark,Aarhus,56.1629,10.2039,city,Denmark
Denmark,Odense,55.4038,10.3875,city,Denmark
Denmark,Møn Cliffs,54.95,12.45,nature,Denmark
Dominica,Dominica,15.3017,-61.3881,capital,Dominica
Dominica,Morne Trois Pitons National Park,15.4,-61.35,nature,Dominica
Dominica,Morne Trois Pitons National Park,15.4,-61.35,nature,Dominica
Dominican Republic,Dominican Republic,18.4861,-69.9312,capital,Dominican_Republic
Dominican Republic,Los Haitises National Park,19.2,-69.4,nature,Dominican_Republic
Dominican Republic,Santiago de los Caballeros,19.4517,-70.697,city,Dominican_Republic
Dominican Republic,Los Haitises National Park,19.2,-69.4,nature,Dominican_Republic
Ecuador,Ecuador,-0.2298,-78.5249,capital,Ecuador
Ecuador,Galápagos Islands,-0.45,-90.2,nature,Ecuador
Ecuador,Guayaquil,-2.1962,-79.8862,city,Ecuador
Ecuador,Cuenca,-2.9001,-79.0059,unicode,Ecuador
Ecuador,Galápagos Islands,-0.45,-90.2,nature,Ecuador
Egypt,Egypt,30.0444,31.2357,capital,Egypt
Egypt,White Desert National Park,27.75,28.75,nature,Egypt
Egypt,Alexandria,31.1975,29.8925,city,Egypt
Egypt,Giza,30.0131,31.183,city,Egypt
Egypt,Memphis,29.8442,31.2527,former,Egypt
Egypt,White Desert National Park,27.75,28.75,nature,Egypt
El Salvador,El Salvador,13.6929,-89.2182,capital,El_Salvador
El Salvador,Los Volcanes National Park,13.8,-89.6,nature,El_Salvador
El Salvador,Joya de Cerén,13.7169,-89.5728,unicode,El_Salvador
El Salvador,Los Volcanes National Park,13.8,-89.6,nature,El_Salvador
Equatorial Guinea,Equatorial Guinea,3.75,8.7833,capital,Equatorial_Guinea
Equatorial Guinea,Monte Alen National Park,1.95,10.35,nature,Equatorial_Guinea
Equatorial Guinea,Bata,1.8639,9.7661,city,Equatorial_Guinea
Equatorial Guinea,Monte Alen National Park,1.95,10.35,nature,Equatorial_Guinea
Eritrea,Eritrea,15.3229,38.9251,capital,Eritrea
Estonia,Estonia,59.437,24.7536,capital,Estonia
Estonia,Lahemaa National Park,59.5,25.5,nature,Estonia
Estonia,Tartu,58.378,26.729,city,Estonia
Estonia,Narva,59.3778,28.1945,city,Estonia
Estonia,Lahemaa National Park,59.5,25.5,nature,Estonia
Eswatini,Eswatini,-26.3054,31.1367,capital,Eswatini
Eswatini,Hluhluwe-iMfolozi Park,-28.05,32.0,nature,Eswatini
Eswatini,Lobamba,-26.4667,31.2,former,Eswatini
Eswatini,Hluhluwe-iMfolozi Park,-28.05,32.0,nature,Eswatini
Ethiopia,Ethiopia,8.9806,38.7578,capital,Ethiopia
Ethiopia,Simien Mountains National Park,13.2,38.3,nature,Ethiopia
Ethiopia,Dire Dawa,9.5499,41.8606,city,Ethiopia
Ethiopia,Aksum,14.131,38.7256,unicode,Ethiopia
Ethiopia,Lalibela,12.0319,39.0472,unicode,Ethiopia
Ethiopia,Simien Mountains National Park,13.2,38.3,nature,Ethiopia
Fiji,Fiji,-18.1416,178.4419,capital,Fiji
Fiji,Bouma National Heritage Park,-17.75,178.1,nature,Fiji
Fiji,Nadi,-17.7765,177.4356,city,Fiji
Fiji,Bouma National Heritage Park,-17.75,178.1,nature,Fiji
Finland,Finland,60.1699,24.9384,capital,Finland
Finland,Nuuksio National Park,60.3,24.9,nature,Finland
Finland,Espoo,60.2055,24.6559,city,Finland
Finland,Tampere,61.4978,23.761,city,Finland
Finland,Turku,60.4518,22.2666,former,Finland
Finland,Nuuksio National Park,60.3,24.9,nature,Finland
France,France,48.8566,2.3522,capital,France
France,Mont Blanc,45.8325,6.8652,nature,France
France,Marseille,43.2965,5.3698,city,France
France,Lyon,45.764,4.8357,city,France
France,Toulouse,43.6047,1.4442,city,France
France,Nice,43.7102,7.262,city,France
France,Mont Blanc,45.8325,6.8652,nature,France
Gabon,Gabon,0.3901,9.45,capital,Gabon
Gabon,Loango National Park,-2.4,9.3,nature,Gabon
Gabon,Port-Gentil,-0.7193,8.7815,city,Gabon
Gabon,Loango National Park,-2.4,9.3,nature,Gabon
Gambia,Gambia,13.4531,-16.5775,capital,The_Gambia
Gambia,Niokolo-Koba National Park,13.3,-12.3,nature,The_Gambia
Gambia,Niokolo-Koba National Park,13.3,-12.3,nature,The_Gambia
Georgia,Georgia,41.6938,44.8015,capital,Georgia_(country)
Georgia,Kazbegi National Park,42.65,44.6,nature,Georgia_(country)
Georgia,Kutaisi,42.2679,42.7057,former,Georgia_(country)
Georgia,Batumi,41.6168,41.6367,city,Georgia_(country)
Georgia,Kazbegi National Park,42.65,44.6,nature,Georgia_(country)
Germany,Germany,52.52,13.405,capital,Germany
Germany,Harz National Park,51.65,10.45,nature,Germany
Germany,Munich,48.1351,11.582,city,Germany
Germany,Hamburg,53.5753,10.0153,city,Germany
Germany,Cologne,50.9413,6.9583,city,Germany
Germany,Frankfurt,50.1109,8.6821,city,Germany
Germany,Harz National Park,51.65,10.45,nature,Germany
Ghana,Ghana,5.56,-0.2057,capital,Ghana
Ghana,Kakum National Park,5.3,-1.05,nature,Ghana
Ghana,Kumasi,6.6884,-1.6244,city,Ghana
Ghana,Kakum National Park,5.3,-1.05,nature,Ghana
Greece,Greece,37.9838,23.7275,capital,Greece
Greece,Mount Olympus National Park,39.86,22.35,nature,Greece
Greece,Thessaloniki,40.6401,22.9444,city,Greece
Greece,Patras,38.2466,21.7346,city,Greece
Greece,Delphi,38.4824,22.5011,unicode,Greece
Greece,Mount Olympus National Park,39.86,22.35,nature,Greece
Grenada,Grenada,12.0561,-61.7488,capital,Grenada
Grenada,Grand Étang National Park,12.05,-61.7,nature,Grenada
Grenada,Grand Étang National Park,12.05,-61.7,nature,Grenada
Guinea,Guinea,9.6412,-13.5784,capital,Guinea
Guinea,Mont Nimba,7.6,-8.4,nature,Guinea
Guinea,Mont Nimba,7.6,-8.4,nature,Guinea
Guinea-Bissau,Guinea-Bissau,11.8636,-15.5977,capital,Guinea-Bissau
Guinea-Bissau,Bijagós Archipelago,10.5,-15.5,nature,Guinea-Bissau
Guinea-Bissau,Bijagós Archipelago,10.5,-15.5,nature,Guinea-Bissau
Guyana,Guyana,6.8013,-58.1553,capital,Guyana
Guyana,Kaieteur Falls National Park,5.19,-59.48,nature,Guyana
Guyana,Kaieteur Falls National Park,5.19,-59.48,nature,Guyana
Haiti,Haiti,18.5944,-72.3074,capital,Haiti
Haiti,Pic la Selle,18.3,-72.2,nature,Haiti
Haiti,Pic la Selle,18.3,-72.2,nature,Haiti
Honduras,Honduras,14.0723,-87.2062,capital,Honduras
Honduras,Roatán Bay Islands,16.3,-86.5,nature,Honduras
Honduras,San Pedro Sula,15.5,-88.0333,city,Honduras
Honduras,Roatán Bay Islands,16.3,-86.5,nature,Honduras
Hungary,Hungary,47.4979,19.0402,capital,Hungary
Hungary,Aggtelek National Park,48.5,20.5,nature,Hungary
Hungary,Debrecen,47.5316,21.6273,city,Hungary
Hungary,Szeged,46.253,20.1414,city,Hungary
Hungary,Aggtelek National Park,48.5,20.5,nature,Hungary
Iceland,Iceland,64.1466,-21.9426,capital,Iceland
Iceland,Vatnajökull National Park,64.0,-16.8,nature,Iceland
Iceland,Akureyri,65.6885,-18.1262,city,Iceland
Iceland,Vatnajökull National Park,64.0,-16.8,nature,Iceland
India,India,28.6139,77.209,capital,India
India,Jim Corbett National Park,29.5,79.15,nature,India
India,Mumbai,19.076,72.8777,city,India
India,Bangalore,12.9716,77.5946,city,India
India,Kolkata,22.5726,88.3639,city,India
India,Chennai,13.0827,80.2707,city,India
India,Jim Corbett National Park,29.5,79.15,nature,India
Indonesia,Indonesia,-1.0,117.0,capital,Indonesia
Indonesia,Komodo National Park,-8.5,119.6,nature,Indonesia
Indonesia,Jakarta,-6.2088,106.8456,former,Indonesia
Indonesia,Surabaya,-7.2575,112.7521,city,Indonesia
Indonesia,Bandung,-6.9147,107.6098,city,Indonesia
Indonesia,Komodo National Park,-8.5,119.6,nature,Indonesia
Iran,Iran,35.6892,51.389,capital,Iran
Iran,Mount Damavand,35.96,51.43,nature,Iran
Iran,Mashhad,36.2971,59.6062,city,Iran
Iran,Isfahan,32.6539,51.666,city,Iran
Iran,Shiraz,29.5918,52.5836,city,Iran
Iran,Mount Damavand,35.96,51.43,nature,Iran
Iraq,Iraq,33.3152,44.3661,capital,Iraq
Iraq,Mesopotamian Marshes,30.8,47.2,nature,Iraq
Iraq,Basra,30.5085,47.7804,city,Iraq
Iraq,Mosul,36.335,43.1189,city,Iraq
Iraq,Mesopotamian Marshes,30.8,47.2,nature,Iraq
Ireland,Ireland,53.3498,-6.2603,capital,Republic_of_Ireland
Ireland,Cliffs of Moher,52.72,-9.93,nature,Republic_of_Ireland
Ireland,Cork,51.8985,-8.4756,city,Republic_of_Ireland
Ireland,Galway,53.2707,-9.0568,city,Republic_of_Ireland
Ireland,Cliffs of Moher,52.72,-9.93,nature,Republic_of_Ireland
Israel,Israel,31.7683,35.2137,capital,Israel
Israel,Dead Sea,31.5,35.5,nature,Israel
Israel,Tel Aviv,32.0853,34.7818,city,Israel
Israel,Haifa,32.8193,34.9897,city,Israel
Israel,Dead Sea,31.5,35.5,nature,Israel
Italy,Italy,41.9028,12.4964,capital,Italy
Italy,Cinque Terre,43.13,12.43,nature,Italy
Italy,Milan,45.4642,9.19,city,Italy
Italy,Naples,40.8522,14.2681,city,Italy
Italy,Florence,43.7696,11.2558,unicode,Italy
Italy,Venice,45.4408,12.3155,unicode,Italy
Italy,Cinque Terre,43.13,12.43,nature,Italy
Jamaica,Jamaica,17.9714,-76.7937,capital,Jamaica
Jamaica,Dunn's River Falls,18.3,-77.25,nature,Jamaica
Jamaica,Dunn's River Falls,18.3,-77.25,nature,Jamaica
Japan,Japan,35.6762,139.6503,capital,Japan
Japan,Mount Fuji,35.3622,138.728,nature,Japan
Japan,Osaka,34.6937,135.5023,city,Japan
Japan,Yokohama,35.4437,139.638,city,Japan
Japan,Kyoto,35.0116,135.7681,former,Japan
Japan,Mount Fuji,35.3622,138.728,nature,Japan
Jordan,Jordan,31.9566,35.9456,capital,Jordan
Jordan,Wadi Rum Protected Area,29.85,35.45,nature,Jordan
Jordan,Zarqa,32.0728,36.088,city,Jordan
Jordan,Petra,30.3285,35.4444,unicode,Jordan
Jordan,Wadi Rum Protected Area,29.85,35.45,nature,Jordan
Kazakhstan,Kazakhstan,51.1801,71.446,capital,Kazakhstan
Kazakhstan,Charyn Canyon National Nature Park,43.3,78.6,nature,Kazakhstan
Kazakhstan,Almaty,43.222,76.8512,former,Kazakhstan
Kazakhstan,Karaganda,49.8047,72.8241,city,Kazakhstan
Kazakhstan,Charyn Canyon National Nature Park,43.3,78.6,nature,Kazakhstan
Kenya,Kenya,-1.2921,36.8219,capital,Kenya
Kenya,Maasai Mara National Reserve,-1.5,34.85,nature,Kenya
Kenya,Mombasa,-4.0435,39.6682,city,Kenya
Kenya,Kisumu,-0.1022,34.7617,city,Kenya
Kenya,Maasai Mara National Reserve,-1.5,34.85,nature,Kenya
Kiribati,Kiribati,1.329,172.979,capital,Kiribati
Kyrgyzstan,Kyrgyzstan,42.8746,74.5698,capital,Kyrgyzstan
Kyrgyzstan,Issyk-Kul Lake,42.5,77.5,nature,Kyrgyzstan
Kyrgyzstan,Osh,40.5283,72.7985,city,Kyrgyzstan
Kyrgyzstan,Issyk-Kul Lake,42.5,77.5,nature,Kyrgyzstan
Laos,Laos,17.9757,102.6331,capital,Laos
Laos,Kuang Si Falls,19.88,102.2,nature,Laos
Laos,Luang Prabang,19.8833,102.1328,unicode,Laos
Laos,Kuang Si Falls,19.88,102.2,nature,Laos
Latvia,Latvia,56.9496,24.1052,capital,Latvia
Latvia,Gauja National Park,57.3,24.8,nature,Latvia
Latvia,Daugavpils,55.8747,26.5361,city,Latvia
Latvia,Gauja National Park,57.3,24.8,nature,Latvia
Lebanon,Lebanon,33.8886,35.4955,capital,Lebanon
Lebanon,Cedars of God,34.25,35.9,nature,Lebanon
Lebanon,Tripoli,34.4386,35.845,city,Lebanon
Lebanon,Byblos,34.1236,35.6481,unicode,Lebanon
Lebanon,Cedars of God,34.25,35.9,nature,Lebanon
Lesotho,Lesotho,-29.3167,27.4833,capital,Lesotho
Lesotho,Sehlabathebe National Park,-30.25,29.8,nature,Lesotho
Lesotho,Sehlabathebe National Park,-30.25,29.8,nature,Lesotho
Liberia,Liberia,6.3005,-10.7969,capital,Liberia
Liberia,Sapo National Park,4.75,-8.0,nature,Liberia
Liberia,Sapo National Park,4.75,-8.0,nature,Liberia
Libya,Libya,32.9006,13.1862,capital,Libya
Libya,Tadrart Acacus,24.8,8.7,nature,Libya
Libya,Benghazi,32.1154,20.0686,city,Libya
Libya,Tadrart Acacus,24.8,8.7,nature,Libya
Liechtenstein,Liechtenstein,47.141,9.5215,capital,Liechtenstein
Liechtenstein,Vaduz Castle,47.14,9.52,nature,Liechtenstein
Liechtenstein,Vaduz Castle,47.14,9.52,nature,Liechtenstein
Lithuania,Lithuania,54.6872,25.2797,capital,Lithuania
Lithuania,Curonian Spit,55.2,21.0,nature,Lithuania
Lithuania,Kaunas,54.8985,23.9036,city,Lithuania
Lithuania,Klaipeda,55.7206,21.1449,city,Lithuania
Lithuania,Curonian Spit,55.2,21.0,nature,Lithuania
Madagascar,Madagascar,-18.9137,47.5361,capital,Madagascar
Madagascar,Avenue of the Baobabs,-19.96,44.39,nature,Madagascar
Madagascar,Toamasina,-18.1492,49.4023,city,Madagascar
Madagascar,Avenue of the Baobabs,-19.96,44.39,nature,Madagascar
Malawi,Malawi,-13.9669,33.7873,capital,Malawi
Malawi,Lake Malawi National Park,-14.5,34.9,nature,Malawi
Malawi,Blantyre,-15.7861,35.0058,city,Malawi
Malawi,Lake Malawi National Park,-14.5,34.9,nature,Malawi
Maldives,Maldives,4.1755,73.5093,capital,Maldives
Mali,Mali,12.6392,-8.0029,capital,Mali
Mali,Gao Region,16.27,-0.04,nature,Mali
Mali,Timbuktu,16.7735,-3.0074,unicode,Mali
Mali,Gao Region,16.27,-0.04,nature,Mali
Malta,Malta,35.9042,14.5189,capital,Malta
Marshall Islands,Marshall Islands,7.1167,171.3667,capital,Marshall_Islands
Mauritania,Mauritania,18.0735,-15.9582,capital,Mauritania
Mauritania,Banc d'Arguin National Park,20.9,-16.2,nature,Mauritania
Mauritania,Banc d'Arguin National Park,20.9,-16.2,nature,Mauritania
Mauritius,Mauritius,-20.1608,57.4989,capital,Mauritius
Mauritius,Black River Gorges National Park,-20.35,57.4,nature,Mauritius
Mauritius,Black River Gorges National Park,-20.35,57.4,nature,Mauritius
Micronesia,Micronesia,6.9248,158.1618,capital,Federated_States_of_Micronesia
Moldova,Moldova,47.0105,28.8638,capital,Moldova
Moldova,Orheiul Vechi,47.4,28.4,nature,Moldova
Moldova,Bălți,47.7617,27.9297,city,Moldova
Moldova,Orheiul Vechi,47.4,28.4,nature,Moldova
Monaco,Monaco,43.7384,7.4246,capital,Monaco
Mongolia,Mongolia,47.8864,106.9057,capital,Mongolia
Mongolia,Gobi Desert,43.5,104.0,nature,Mongolia
Mongolia,Darkhan,49.5,105.8167,city,Mongolia
Mongolia,Gobi Desert,43.5,104.0,nature,Mongolia
Montenegro,Montenegro,42.4304,19.2594,capital,Montenegro
Montenegro,Durmitor National Park,43.2,19.05,nature,Montenegro
Montenegro,Cetinje,42.3931,18.9225,former,Montenegro
Montenegro,Durmitor National Park,43.2,19.05,nature,Montenegro
Morocco,Morocco,33.9716,-6.8498,capital,Morocco
Morocco,Toubkal National Park,31.06,-8.0,nature,Morocco
Morocco,Casablanca,33.5731,-7.5898,city,Morocco
Morocco,Fez,34.0181,-5.0078,former,Morocco
Morocco,Marrakesh,31.6295,-7.9811,unicode,Morocco
Morocco,Toubkal National Park,31.06,-8.0,nature,Morocco
Mozambique,Mozambique,-25.9692,32.5732,capital,Mozambique
Mozambique,Gorongosa National Park,-18.7,34.4,nature,Mozambique
Mozambique,Beira,-19.8436,34.8389,city,Mozambique
Mozambique,Gorongosa National Park,-18.7,34.4,nature,Mozambique
Myanmar,Myanmar,19.7633,96.0785,capital,Myanmar
Myanmar,Bagan Archaeological Zone,21.17,94.86,nature,Myanmar
Myanmar,Yangon,16.8661,96.1951,former,Myanmar
Myanmar,Mandalay,21.9162,96.0891,city,Myanmar
Myanmar,Bagan Archaeological Zone,21.17,94.86,nature,Myanmar
Namibia,Namibia,-22.5597,17.0832,capital,Namibia
Namibia,Namib Desert,-24.5,15.5,nature,Namibia
Namibia,Walvis Bay,-22.9575,14.5053,city,Namibia
Namibia,Namib Desert,-24.5,15.5,nature,Namibia
Nauru,Nauru,-0.5477,166.9209,capital,Nauru
Nepal,Nepal,27.7172,85.324,capital,Nepal
Nepal,Sagarmatha National Park,28.0,86.9,nature,Nepal
Nepal,Pokhara,28.2096,83.9856,city,Nepal
Nepal,Sagarmatha National Park,28.0,86.9,nature,Nepal
Netherlands,Netherlands,52.3676,4.9041,capital,Netherlands
Netherlands,De Hoge Veluwe National Park,52.25,5.85,nature,Netherlands
Netherlands,Rotterdam,51.9225,4.4792,city,Netherlands
Netherlands,The Hague,52.0705,4.3007,city,Netherlands
Netherlands,De Hoge Veluwe National Park,52.25,5.85,nature,Netherlands
New Zealand,New Zealand,-41.2865,174.7762,capital,New_Zealand
New Zealand,Milford Sound,-44.67,-168.0,nature,New_Zealand
New Zealand,Auckland,-36.8485,174.7633,city,New_Zealand
New Zealand,Christchurch,-43.5321,172.6362,city,New_Zealand
New Zealand,Milford Sound,-44.67,-168.0,nature,New_Zealand
Nicaragua,Nicaragua,12.1364,-86.2514,capital,Nicaragua
Nicaragua,Lake Nicaragua,11.5,-85.3,nature,Nicaragua
Nicaragua,León,12.4359,-86.8782,former,Nicaragua
Nicaragua,Lake Nicaragua,11.5,-85.3,nature,Nicaragua
Niger,Niger,13.5137,2.1098,capital,Niger
Niger,W National Park,2.3,2.3,nature,Niger
Niger,W National Park,2.3,2.3,nature,Niger
Nigeria,Nigeria,9.0579,7.4951,capital,Nigeria
Nigeria,Cross-Sanaga-Bioko Coastal Forests,4.3,9.25,nature,Nigeria
Nigeria,Lagos,6.5244,3.3792,former,Nigeria
Nigeria,Ibadan,7.3775,3.947,city,Nigeria
Nigeria,Kano,12.0022,8.592,city,Nigeria
Nigeria,Cross-Sanaga-Bioko Coastal Forests,4.3,9.25,nature,Nigeria
North Korea,North Korea,39.0194,125.7381,capital,North_Korea
North Korea,Mount Paektu,41.99,128.06,nature,North_Korea
North Korea,Mount Paektu,41.99,128.06,nature,North_Korea
North Macedonia,North Macedonia,41.9973,21.428,capital,North_Macedonia
North Macedonia,Galicica National Park,41.1,20.9,nature,North_Macedonia
North Macedonia,Bitola,41.0113,21.3245,city,North_Macedonia
North Macedonia,Ohrid,41.1231,20.8016,unicode,North_Macedonia
North Macedonia,Galicica National Park,41.1,20.9,nature,North_Macedonia
Norway,Norway,59.9139,10.7522,capital,Norway
Norway,Geirangerfjord,62.1,7.2,nature,Norway
Norway,Bergen,60.3913,5.3221,city,Norway
Norway,Trondheim,63.4269,10.3952,city,Norway
Norway,Geirangerfjord,62.1,7.2,nature,Norway
Oman,Oman,23.588,58.3829,capital,Oman
Oman,Musandam Peninsula,26.2,56.2,nature,Oman
Oman,Salalah,17.0151,54.0924,city,Oman
Oman,Musandam Peninsula,26.2,56.2,nature,Oman
Pakistan,Pakistan,33.6844,73.0479,capital,Pakistan
Pakistan,Hunza Valley,36.85,74.95,nature,Pakistan
Pakistan,Karachi,24.8607,67.0011,former,Pakistan
Pakistan,Lahore,31.5204,74.3587,city,Pakistan
Pakistan,Multan,30.1575,71.4454,city,Pakistan
Pakistan,Hunza Valley,36.85,74.95,nature,Pakistan
Palau,Palau,7.5149,134.5825,capital,Palau
Palau,Palau National Marine Sanctuary,7.3,134.5,nature,Palau
Palau,Palau National Marine Sanctuary,7.3,134.5,nature,Palau
Papua New Guinea,Papua New Guinea,-9.4438,147.1803,capital,Papua_New_Guinea
Papua New Guinea,Kokoda Track,-8.8,147.7,nature,Papua_New_Guinea
Papua New Guinea,Kokoda Track,-8.8,147.7,nature,Papua_New_Guinea
Paraguay,Paraguay,-25.2867,-57.647,capital,Paraguay
Paraguay,Iguazú Falls,-25.6,-54.4,nature,Paraguay
Paraguay,Iguazú Falls,-25.6,-54.4,nature,Paraguay
Peru,Peru,-12.0464,-77.0428,capital,Peru
Peru,Machu Picchu,-13.1631,-72.545,nature,Peru
Peru,Arequipa,-16.409,-71.5375,city,Peru
Peru,Cusco,-13.5319,-71.9675,former,Peru
Peru,Machu Picchu,-13.1631,-72.545,unicode,Peru
Peru,Machu Picchu,-13.1631,-72.545,nature,Peru
Poland,Poland,52.2297,21.0122,capital,Poland
Poland,Białowieża Forest,52.7,24.2,nature,Poland
Poland,Kraków,50.0647,19.945,city,Poland
Poland,Wrocław,51.1079,17.0385,city,Poland
Poland,Gdańsk,54.352,18.6466,city,Poland
Poland,Białowieża Forest,52.7,24.2,nature,Poland
Portugal,Portugal,38.7223,-9.1393,capital,Portugal
Portugal,Douro Valley,41.2,-7.5,nature,Portugal
Portugal,Porto,41.1579,-8.6291,city,Portugal
Portugal,Covilhã,40.2835,-7.5006,city,Portugal
Portugal,Douro Valley,41.2,-7.5,nature,Portugal
Qatar,Qatar,25.2854,51.531,capital,Qatar
Romania,Romania,44.4268,26.1025,capital,Romania
Romania,Carpathian Mountains,45.5,24.5,nature,Romania
Romania,Cluj-Napoca,46.7712,23.6236,city,Romania
Romania,Timișoara,45.7489,21.2087,city,Romania
Romania,Carpathian Mountains,45.5,24.5,nature,Romania
Russia,Russia,55.7558,37.6173,capital,Russia
Russia,Lake Baikal,55.0,104.0,nature,Russia
Russia,Saint Petersburg,59.9343,30.3351,former,Russia
Russia,Novosibirsk,55.0415,82.9346,city,Russia
Russia,Yekaterinburg,56.8389,60.6057,city,Russia
Russia,Lake Baikal,55.0,104.0,nature,Russia
Rwanda,Rwanda,-1.9403,29.8739,capital,Rwanda
Rwanda,Volcanoes National Park,-1.5,29.6,nature,Rwanda
Rwanda,Volcanoes National Park,-1.5,29.6,nature,Rwanda
Saint Kitts and Nevis,Saint Kitts and Nevis,17.3026,-62.7177,capital,Saint_Kitts_and_Nevis
Saint Lucia,Saint Lucia,14.0101,-60.9875,capital,Saint_Lucia
Saint Vincent and the Grenadines,Saint Vincent and the Grenadines,13.16,-61.2248,capital,Saint_Vincent_and_the_Grenadines
Samoa,Samoa,-13.8506,-171.7513,capital,Samoa
Samoa,Upolu Crater Lake,-13.8,-171.7,nature,Samoa
Samoa,Upolu Crater Lake,-13.8,-171.7,nature,Samoa
San Marino,San Marino,43.9424,12.4578,capital,San_Marino
São Tomé and Príncipe,São Tomé and Príncipe,0.3365,6.7273,capital,São_Tomé_and_Príncipe
Saudi Arabia,Saudi Arabia,24.6877,46.7219,capital,Saudi_Arabia
Saudi Arabia,Asir Mountains,18.0,42.5,nature,Saudi_Arabia
Saudi Arabia,Mecca,21.3891,39.8579,former,Saudi_Arabia
Saudi Arabia,Jeddah,21.2854,39.2376,city,Saudi_Arabia
Saudi Arabia,Asir Mountains,18.0,42.5,nature,Saudi_Arabia
Senegal,Senegal,14.7167,-17.4677,capital,Senegal
Senegal,Djoudj National Bird Sanctuary,16.25,-15.45,nature,Senegal
Senegal,Thiès,14.7949,-16.9239,city,Senegal
Senegal,Djoudj National Bird Sanctuary,16.25,-15.45,nature,Senegal
Serbia,Serbia,44.8176,20.4633,capital,Serbia
Serbia,Tara National Park,43.7,19.6,nature,Serbia
Serbia,Novi Sad,45.2671,19.8335,city,Serbia
Serbia,Niš,43.3209,21.8863,city,Serbia
Serbia,Tara National Park,43.7,19.6,nature,Serbia
Seychelles,Seychelles,-4.6191,55.4513,capital,Seychelles
Seychelles,Vallée de Mai Nature Reserve,-4.33,55.48,nature,Seychelles
Seychelles,Vallée de Mai Nature Reserve,-4.33,55.48,nature,Seychelles
Sierra Leone,Sierra Leone,8.4657,-13.2317,capital,Sierra_Leone
Sierra Leone,Outamba-Kilimi National Park,9.5,-11.4,nature,Sierra_Leone
Sierra Leone,Outamba-Kilimi National Park,9.5,-11.4,nature,Sierra_Leone
Singapore,Singapore,1.3521,103.8198,capital,Singapore
Singapore,MacRitchie Reservoir,1.37,103.84,nature,Singapore
Singapore,MacRitchie Reservoir,1.37,103.84,nature,Singapore
Slovakia,Slovakia,48.1486,17.1077,capital,Slovakia
Slovakia,High Tatras,49.2,20.0,nature,Slovakia
Slovakia,Košice,48.7164,21.2611,city,Slovakia
Slovakia,High Tatras,49.2,20.0,nature,Slovakia
Slovenia,Slovenia,46.0569,14.5058,capital,Slovenia
Slovenia,Triglav National Park,46.4,14.0,nature,Slovenia
Slovenia,Maribor,46.5547,15.6467,city,Slovenia
Slovenia,Triglav National Park,46.4,14.0,nature,Slovenia
Solomon Islands,Solomon Islands,-9.4456,160.0327,capital,Solomon_Islands
Somalia,Somalia,2.0469,45.3182,capital,Somalia
Somalia,Socotra Island,12.5,54.0,nature,Somalia
Somalia,Hargeisa,9.5597,44.065,city,Somalia
Somalia,Socotra Island,12.5,54.0,nature,Somalia
South Africa,South Africa,-25.7479,28.2293,capital,South_Africa
South Africa,Kruger National Park,-24.0,31.5,nature,South_Africa
South Africa,Cape Town,-33.9249,18.4241,city,South_Africa
South Africa,Johannesburg,-26.2041,28.0473,city,South_Africa
South Africa,Bloemfontein,-29.1199,26.2148,former,South_Africa
South Africa,Kruger National Park,-24.0,31.5,nature,South_Africa
South Korea,South Korea,37.5665,126.978,capital,South_Korea
South Korea,Seoraksan National Park,38.1,128.5,nature,South_Korea
South Korea,Busan,35.1796,129.0756,city,South_Korea
South Korea,Incheon,37.4419,126.7036,city,South_Korea
South Korea,Daegu,35.8714,128.589,city,South_Korea
South Korea,Seoraksan National Park,38.1,128.5,nature,South_Korea
South Sudan,South Sudan,4.8594,31.5713,capital,South_Sudan
South Sudan,Sudd Wetlands,6.0,30.5,nature,South_Sudan
South Sudan,Sudd Wetlands,6.0,30.5,nature,South_Sudan
Spain,Spain,40.4168,-3.7038,capital,Spain
Spain,Picos de Europa National Park,43.2,-4.8,nature,Spain
Spain,Barcelona,41.3851,2.1734,city,Spain
Spain,Valencia,39.4699,-0.3763,city,Spain
Spain,Seville,37.3886,-5.9824,city,Spain
Spain,Granada,37.176,-3.5882,unicode,Spain
Spain,Picos de Europa National Park,43.2,-4.8,nature,Spain
Sri Lanka,Sri Lanka,6.9008,79.9013,capital,Sri_Lanka
Sri Lanka,Sinharaja Rainforest,6.4,80.4,nature,Sri_Lanka
Sri Lanka,Colombo,6.9271,79.8612,former,Sri_Lanka
Sri Lanka,Kandy,7.2906,80.6337,unicode,Sri_Lanka
Sri Lanka,Sinharaja Rainforest,6.4,80.4,nature,Sri_Lanka
Sudan,Sudan,15.5007,32.5599,capital,Sudan
Sudan,Dinder National Park,10.5,34.5,nature,Sudan
Sudan,Omdurman,15.6145,32.48,city,Sudan
Sudan,Dinder National Park,10.5,34.5,nature,Sudan
Suriname,Suriname,5.852,-55.2038,capital,Suriname
Suriname,Raleighvallen National Park,3.7,-56.4,nature,Suriname
Suriname,Raleighvallen National Park,3.7,-56.4,nature,Suriname
Sweden,Sweden,59.3293,18.0686,capital,Sweden
Sweden,Sarek National Park,67.0,16.9,nature,Sweden
Sweden,Gothenburg,57.7089,11.9746,city,Sweden
Sweden,Malmö,55.605,12.9854,city,Sweden
Sweden,Uppsala,59.8586,17.6389,city,Sweden
Sweden,Sarek National Park,67.0,16.9,nature,Sweden
Switzerland,Switzerland,46.948,7.4474,capital,Switzerland
Switzerland,Jungfrau Region,46.5,8.2,nature,Switzerland
Switzerland,Zürich,47.3769,8.5417,city,Switzerland
Switzerland,Geneva,46.2044,6.1432,city,Switzerland
Switzerland,Basel,47.5596,7.5886,city,Switzerland
Switzerland,Jungfrau Region,46.5,8.2,nature,Switzerland
Syria,Syria,33.5138,36.2765,capital,Syria
Syria,Palmyra,34.55,38.27,nature,Syria
Syria,Aleppo,36.2021,37.1343,former,Syria
Syria,Homs,34.73,36.7237,city,Syria
Syria,Palmyra,34.55,38.27,nature,Syria
Taiwan,Taiwan,25.033,121.5654,capital,Taiwan
Taiwan,Yushan Mountain,23.47,120.96,nature,Taiwan
Taiwan,Kaohsiung,22.6163,120.3006,city,Taiwan
Taiwan,Taichung,24.1372,120.6735,city,Taiwan
Taiwan,Yushan Mountain,23.47,120.96,nature,Taiwan
Tajikistan,Tajikistan,38.5598,68.787,capital,Tajikistan
Tajikistan,Pamir Mountains,37.0,72.0,nature,Tajikistan
Tajikistan,Khujand,40.2864,69.6222,city,Tajikistan
Tajikistan,Pamir Mountains,37.0,72.0,nature,Tajikistan
Tanzania,Tanzania,-6.163,35.7516,capital,Tanzania
Tanzania,Mount Kilimanjaro,-3.0,37.35,nature,Tanzania
Tanzania,Dar es Salaam,-6.7924,39.2083,former,Tanzania
Tanzania,Moshi,-3.3667,37.6667,city,Tanzania
Tanzania,Mount Kilimanjaro,-3.0,37.35,nature,Tanzania
Thailand,Thailand,13.7563,100.5018,capital,Thailand
Thailand,Khao Yai National Park,14.4,101.4,nature,Thailand
Thailand,Chiang Mai,18.7883,98.9853,city,Thailand
Thailand,Phuket,8.1128,98.2997,city,Thailand
Thailand,Sukhothai,17.0125,99.8239,unicode,Thailand
Thailand,Khao Yai National Park,14.4,101.4,nature,Thailand
Timor-Leste,Timor-Leste,-8.5569,125.5603,capital,East_Timor
Timor-Leste,Mount Ramelau,-9.0,124.5,nature,East_Timor
Timor-Leste,Mount Ramelau,-9.0,124.5,nature,East_Timor
Togo,Togo,6.1375,1.2123,capital,Togo
Togo,Koutammakou Landscape,10.2,1.2,nature,Togo
Togo,Koutammakou Landscape,10.2,1.2,nature,Togo
Tonga,Tonga,-21.1393,-175.2046,capital,Tonga
Tonga,Vava'u Islands,-18.6,-173.9,nature,Tonga
Tonga,Vava'u Islands,-18.6,-173.9,nature,Tonga
Trinidad and Tobago,Trinidad and Tobago,10.6918,-61.2225,capital,Trinidad_and_Tobago
Trinidad and Tobago,Asa Wright Nature Centre,10.72,-61.24,nature,Trinidad_and_Tobago
Trinidad and Tobago,Asa Wright Nature Centre,10.72,-61.24,nature,Trinidad_and_Tobago
Tunisia,Tunisia,36.819,10.1658,capital,Tunisia
Tunisia,Ichkeul National Park,37.2,9.1,nature,Tunisia
Tunisia,Sfax,34.7406,10.7603,city,Tunisia
Tunisia,Sousse,35.8256,10.6369,city,Tunisia
Tunisia,Ichkeul National Park,37.2,9.1,nature,Tunisia
Turkey,Turkey,39.9334,32.8597,capital,Turkey
Turkey,Cappadocia,38.7,34.6,nature,Turkey
Turkey,Istanbul,41.0082,28.9784,city,Turkey
Turkey,İzmir,38.4161,27.1398,city,Turkey
Turkey,Bursa,40.1955,29.0678,city,Turkey
Turkey,Cappadocia,38.7,34.6,nature,Turkey
Turkmenistan,Turkmenistan,37.9601,58.3261,capital,Turkmenistan
Turkmenistan,Turpan Depression,40.5,62.0,nature,Turkmenistan
Turkmenistan,Turkmenabat,37.1381,65.4169,city,Turkmenistan
Turkmenistan,Turpan Depression,40.5,62.0,nature,Turkmenistan
Tuvalu,Tuvalu,-8.52,179.198,capital,Tuvalu
Uganda,Uganda,0.3476,32.5825,capital,Uganda
Uganda,Rwenzori Mountains National Park,0.4,30.0,nature,Uganda
Uganda,Gulu,2.7734,32.2764,city,Uganda
Uganda,Rwenzori Mountains National Park,0.4,30.0,nature,Uganda
Ukraine,Ukraine,50.4501,30.5234,capital,Ukraine
Ukraine,Carpathian Mountains,48.4,24.5,nature,Ukraine
Ukraine,Kharkiv,49.9935,36.2304,city,Ukraine
Ukraine,Lviv,49.8397,24.0297,city,Ukraine
Ukraine,Odesa,46.4856,30.7326,city,Ukraine
Ukraine,Carpathian Mountains,48.4,24.5,nature,Ukraine
United Arab Emirates,United Arab Emirates,24.4539,54.3773,capital,United_Arab_Emirates
United Arab Emirates,Hajar Mountains,25.3,56.1,nature,United_Arab_Emirates
United Arab Emirates,Dubai,25.2048,55.2708,city,United_Arab_Emirates
United Arab Emirates,Sharjah,25.3463,55.4209,city,United_Arab_Emirates
United Arab Emirates,Hajar Mountains,25.3,56.1,nature,United_Arab_Emirates
United Kingdom,United Kingdom,51.5074,-0.1278,capital,United_Kingdom
United Kingdom,Lake District National Park,54.5,-3.1,nature,United_Kingdom
United Kingdom,Manchester,53.4808,-2.2426,city,United_Kingdom
United Kingdom,Birmingham,52.5086,-1.8783,city,United_Kingdom
United Kingdom,Leeds,53.8008,-1.5491,city,United_Kingdom
United Kingdom,Lake District National Park,54.5,-3.1,nature,United_Kingdom
United States,United States,38.9072,-77.0369,capital,United_States
United States,Yellowstone National Park,44.7,-110.5,nature,United_States
United States,New York City,40.7128,-74.006,city,United_States
United States,Los Angeles,34.0522,-118.2437,city,United_States
United States,Chicago,41.8781,-87.6298,city,United_States
United States,Houston,29.7604,-95.3698,city,United_States
United States,Yellowstone National Park,44.7,-110.5,nature,United_States
Uruguay,Uruguay,-34.9011,-56.1915,capital,Uruguay
Uruguay,Esteros de Ibera,-28.3,-57.2,nature,Uruguay
Uruguay,Salto,-31.3873,-57.9683,city,Uruguay
Uruguay,Esteros de Ibera,-28.3,-57.2,nature,Uruguay
Uzbekistan,Uzbekistan,41.2995,69.2401,capital,Uzbekistan
Uzbekistan,Nuratau Mountains,40.8,65.4,nature,Uzbekistan
Uzbekistan,Samarkand,39.6547,66.9758,city,Uzbekistan
Uzbekistan,Bukhara,39.7681,64.4272,unicode,Uzbekistan
Uzbekistan,Nuratau Mountains,40.8,65.4,nature,Uzbekistan
Vanuatu,Vanuatu,-17.7333,168.3167,capital,Vanuatu
Vanuatu,Mount Yasur,-19.52,169.44,nature,Vanuatu
Vanuatu,Mount Yasur,-19.52,169.44,nature,Vanuatu
Venezuela,Venezuela,10.4806,-66.9036,capital,Venezuela
Venezuela,Angel Falls,5.97,-62.58,nature,Venezuela
Venezuela,Maracaibo,10.6666,-71.6124,city,Venezuela
Venezuela,Valencia,10.162,-67.9999,city,Venezuela
Venezuela,Angel Falls,5.97,-62.58,nature,Venezuela
Vietnam,Vietnam,21.0285,105.8542,capital,Vietnam
Vietnam,Ha Long Bay,20.84,107.1,nature,Vietnam
Vietnam,Ho Chi Minh City,10.8231,106.6297,former,Vietnam
Vietnam,Hai Phong,20.8449,106.6836,city,Vietnam
Vietnam,Hội An,15.8794,108.335,unicode,Vietnam
Vietnam,Ha Long Bay,20.84,107.1,nature,Vietnam
Yemen,Yemen,15.3527,48.5164,capital,Yemen
Yemen,Socotra Island,12.5,54.0,nature,Yemen
Yemen,Aden,12.7797,45.0367,former,Yemen
Yemen,Taiz,13.58,44.0077,city,Yemen
Yemen,Socotra Island,12.5,54.0,nature,Yemen
Zambia,Zambia,-15.3875,28.3228,capital,Zambia
Zambia,Victoria Falls,-17.93,25.86,nature,Zambia
Zambia,Kitwe,-12.8183,28.2559,city,Zambia
Zambia,Victoria Falls,-17.93,25.86,nature,Zambia
Zimbabwe,Zimbabwe,-17.8252,31.0335,capital,Zimbabwe
Zimbabwe,Hwange National Park,-18.5,26.5,nature,Zimbabwe
Zimbabwe,Bulawayo,-20.1325,28.6264,city,Zimbabwe
Zimbabwe,Hwange National Park,-18.5,26.5,nature,Zimbabwe
